N_1	DP_1	N_REF_1	MEAN_REF_BQ_1	MEDIAN_REF_BQ_1	MEAN_NONREF_BQ_1	MEDIAN_NONREF_BQ_1	N_2	DP_2	N_REF_2	MEAN_REF_BQ_2	MEDIAN_REF_BQ_2	MEAN_NONREF_BQ_2	MEDIAN_NONREF_BQ_2
1	332	161	23.71604938271605	35.0	26.67058823529412	33.0	0	None	None	None	None	None	None
1	0	None	None	None	None	None	0	None	None	None	None	None	None
1	196	101	25.794117647058822	38.0	30.319148936170212	36.0	0	None	None	None	None	None	None
1	0	None	None	None	None	None	3	5	0	None	None	23.6	20.0
1	0	None	None	None	None	None	3	9	2	26.0	20.0	20.0	20.0
1	272	47	19.78723404255319	20.0	25.653333333333332	32.0	0	None	None	None	None	None	None
1	144	44	23.363636363636363	39.0	25.53	39.0	0	None	None	None	None	None	None
1	29	26	23.962962962962962	33.0	35.5	35.5	3	43	25	25.76923076923077	32.0	26.235294117647058	35.0
1	8	0	None	None	31.5	35.0	3	19	7	27.142857142857142	37.0	33.416666666666664	36.0
1	0	None	None	None	None	None	1	3	0	None	None	32.0	32.0
1	0	None	None	None	None	None	2	4	1	30.0	30.0	32.0	32.0
1	0	None	None	None	None	None	0	None	None	None	None	None	None
1	0	None	None	None	None	None	0	None	None	None	None	None	None
1	0	None	None	None	None	None	0	None	None	None	None	None	None
1	96	87	25.977272727272727	23.5	34.875	35.0	1	127	108	24.926605504587155	20.0	33.5	36.0
1	0	None	None	None	None	None	0	None	None	None	None	None	None
1	0	None	None	None	None	None	0	None	None	None	None	None	None
1	0	None	None	None	None	None	2	4	0	None	None	34.25	37.0
1	23	0	None	None	24.08695652173913	20.0	3	28	0	None	None	26.357142857142858	27.0
1	0	None	None	None	None	None	3	26	14	22.285714285714285	20.0	26.916666666666668	35.0
1	8	7	29.125	38.0	None	None	3	16	9	26.9	37.5	29.833333333333332	36.5
1	8	7	26.125	32.0	None	None	3	16	9	24.5	31.5	32.333333333333336	38.5
1	0	None	None	None	None	None	0	None	None	None	None	None	None
1	0	None	None	None	None	None	1	7	1	20.0	20.0	23.4	20.0
1	0	None	None	None	None	None	3	106	89	24.788888888888888	20.0	28.4375	27.5
1	0	None	None	None	None	None	3	113	95	23.645833333333332	20.0	28.88235294117647	32.0
1	0	None	None	None	None	None	3	112	95	24.6875	20.0	31.875	36.0
1	3	0	None	None	38.333333333333336	39.0	1	11	8	28.0	36.0	38.5	38.5
1	2	0	None	None	20.0	20.0	1	4	0	38.0	38.0	25.666666666666668	20.0
1	2	0	None	None	20.0	20.0	0	None	None	None	None	None	None
1	0	None	None	None	None	None	0	None	None	None	None	None	None
1	0	None	None	None	None	None	0	None	None	None	None	None	None
1	0	None	None	None	None	None	0	None	None	None	None	None	None
1	0	None	None	None	None	None	0	None	None	None	None	None	None
1	0	None	None	None	None	None	0	None	None	None	None	None	None
1	0	None	None	None	None	None	0	None	None	None	None	None	None
1	0	None	None	None	None	None	0	None	None	None	None	None	None
1	102	31	23.967741935483872	35.0	31.098591549295776	36.0	0	None	None	None	None	None	None
1	138	46	30.340425531914892	38.0	26.153846153846153	34.0	0	None	None	None	None	None	None
1	128	38	29.973684210526315	38.0	23.18888888888889	34.0	0	None	None	None	None	None	None
1	0	None	None	None	None	None	0	None	None	None	None	None	None
1	2	0	None	None	38.5	38.5	2	4	1	37.5	37.5	35.0	35.0
1	0	None	None	None	None	None	0	None	None	None	None	None	None
1	0	None	None	None	None	None	0	None	None	None	None	None	None
1	0	None	None	None	None	None	0	None	None	None	None	None	None
1	0	None	None	None	None	None	0	None	None	None	None	None	None
1	0	None	None	None	None	None	0	None	None	None	None	None	None
1	0	None	None	None	None	None	2	2	0	None	None	39.0	39.0
1	0	None	None	None	None	None	0	None	None	None	None	None	None
1	0	None	None	None	None	None	0	None	None	None	None	None	None
1	207	59	24.847457627118644	20.0	28.885135135135137	20.0	0	None	None	None	None	None	None
1	6	2	25.666666666666668	37.0	25.333333333333332	38.0	3	9	1	37.0	37.0	31.75	36.5
1	0	None	None	None	None	None	3	9	3	33.0	32.0	31.6	33.0
1	0	None	None	None	None	None	1	9	2	28.5	28.5	28.142857142857142	38.0
1	0	None	None	None	None	None	0	None	None	None	None	None	None
1	0	None	None	None	None	None	0	None	None	None	None	None	None
1	0	None	None	None	None	None	3	10	6	30.428571428571427	35.0	36.333333333333336	36.0
1	0	None	None	None	None	None	0	None	None	None	None	None	None
1	0	None	None	None	None	None	2	4	1	20.0	20.0	33.5	33.5
1	0	None	None	None	None	None	2	5	3	37.0	37.0	36.0	36.0
1	0	None	None	None	None	None	1	2	0	None	None	20.0	20.0
1	0	None	None	None	None	None	2	5	3	26.0	20.0	36.5	36.5
1	0	None	None	None	None	None	2	5	3	26.0	20.0	37.5	37.5
1	0	None	None	None	None	None	1	2	0	None	None	20.0	20.0
1	0	None	None	None	None	None	0	None	None	None	None	None	None
1	0	None	None	None	None	None	0	None	None	None	None	None	None
1	3	0	None	None	24.666666666666668	20.0	0	None	None	None	None	None	None
1	0	None	None	None	None	None	3	6	2	32.5	32.5	27.25	34.5
1	4	3	35.0	35.0	33.0	33.0	3	8	6	30.333333333333332	35.5	32.0	32.0
1	0	None	None	None	None	None	0	None	None	None	None	None	None
1	0	None	None	None	None	None	1	4	2	37.5	37.5	33.5	33.5
1	0	None	None	None	None	None	3	10	6	35.0	35.0	33.333333333333336	32.0
1	0	None	None	None	None	None	3	14	6	25.333333333333332	36.0	23.75	27.5
1	0	None	None	None	None	None	3	5	2	26.0	20.0	33.0	33.0
1	0	None	None	None	None	None	1	6	0	37.0	37.0	22.2	31.0
1	0	None	None	None	None	None	3	149	133	27.253731343283583	33.5	36.13333333333333	38.0
1	0	None	None	None	None	None	0	None	None	None	None	None	None
1	0	None	None	None	None	None	2	4	1	37.0	37.0	25.0	20.0
1	0	None	None	None	None	None	1	5	2	38.0	38.0	36.5	36.5
1	0	None	None	None	None	None	0	None	None	None	None	None	None
1	0	None	None	None	None	None	0	None	None	None	None	None	None
1	0	None	None	None	None	None	1	8	0	None	None	18.875	20.0
1	0	None	None	None	None	None	1	6	1	32.0	32.0	23.0	20.0
1	0	None	None	None	None	None	3	18	8	30.22222222222222	36.0	25.444444444444443	20.0
1	0	None	None	None	None	None	1	7	4	28.2	31.0	35.0	35.0
1	0	None	None	None	None	None	0	None	None	None	None	None	None
1	0	None	None	None	None	None	0	None	None	None	None	None	None
1	0	None	None	None	None	None	1	35	27	24.74074074074074	20.0	20.0	20.0
1	26	11	25.25	36.0	27.357142857142858	33.0	0	None	None	None	None	None	None
1	0	None	None	None	None	None	0	None	None	None	None	None	None
1	0	None	None	None	None	None	0	None	None	None	None	None	None
1	0	None	None	None	None	None	0	None	None	None	None	None	None
1	0	None	None	None	None	None	0	None	None	None	None	None	None
1	0	None	None	None	None	None	0	None	None	None	None	None	None
1	0	None	None	None	None	None	0	None	None	None	None	None	None
1	0	None	None	None	None	None	0	None	None	None	None	None	None
1	0	None	None	None	None	None	0	None	None	None	None	None	None
1	0	None	None	None	None	None	0	None	None	None	None	None	None
1	0	None	None	None	None	None	0	None	None	None	None	None	None
1	0	None	None	None	None	None	0	None	None	None	None	None	None
1	0	None	None	None	None	None	0	None	None	None	None	None	None
1	0	None	None	None	None	None	0	None	None	None	None	None	None
1	0	None	None	None	None	None	0	None	None	None	None	None	None
1	0	None	None	None	None	None	0	None	None	None	None	None	None
1	0	None	None	None	None	None	0	None	None	None	None	None	None
1	0	None	None	None	None	None	0	None	None	None	None	None	None
1	0	None	None	None	None	None	0	None	None	None	None	None	None
1	0	None	None	None	None	None	0	None	None	None	None	None	None
1	0	None	None	None	None	None	0	None	None	None	None	None	None
1	0	None	None	None	None	None	0	None	None	None	None	None	None
1	0	None	None	None	None	None	1	3	0	None	None	32.0	32.0
1	0	None	None	None	None	None	0	None	None	None	None	None	None
1	0	None	None	None	None	None	0	None	None	None	None	None	None
1	0	None	None	None	None	None	0	None	None	None	None	None	None
1	0	None	None	None	None	None	0	None	None	None	None	None	None
1	0	None	None	None	None	None	0	None	None	None	None	None	None
1	0	None	None	None	None	None	0	None	None	None	None	None	None
1	0	None	None	None	None	None	3	10	6	22.833333333333332	20.0	28.75	28.5
1	0	None	None	None	None	None	1	3	0	38.0	38.0	35.0	35.0
1	0	None	None	None	None	None	0	None	None	None	None	None	None
1	0	None	None	None	None	None	0	None	None	None	None	None	None
1	0	None	None	None	None	None	0	None	None	None	None	None	None
1	0	None	None	None	None	None	0	None	None	None	None	None	None
1	0	None	None	None	None	None	0	None	None	None	None	None	None
1	0	None	None	None	None	None	0	None	None	None	None	None	None
1	0	None	None	None	None	None	0	None	None	None	None	None	None
1	0	None	None	None	None	None	0	None	None	None	None	None	None
1	0	None	None	None	None	None	0	None	None	None	None	None	None
1	0	None	None	None	None	None	0	None	None	None	None	None	None
1	0	None	None	None	None	None	0	None	None	None	None	None	None
1	0	None	None	None	None	None	0	None	None	None	None	None	None
1	0	None	None	None	None	None	0	None	None	None	None	None	None
1	0	None	None	None	None	None	3	3	0	None	None	37.0	37.0
1	0	None	None	None	None	None	0	None	None	None	None	None	None
1	2	0	None	None	20.0	20.0	0	None	None	None	None	None	None
1	35	30	28.35483870967742	33.0	20.0	20.0	3	25	14	33.142857142857146	36.5	29.09090909090909	35.0
1	0	None	None	None	None	None	0	None	None	None	None	None	None
1	0	None	None	None	None	None	3	2	0	None	None	37.5	37.5
1	0	None	None	None	None	None	2	7	3	24.0	32.0	24.0	20.0
1	0	None	None	None	None	None	0	None	None	None	None	None	None
1	0	None	None	None	None	None	0	None	None	None	None	None	None
1	0	None	None	None	None	None	3	4	1	36.5	36.5	37.0	37.0
1	11	3	26.5	33.0	36.0	36.0	0	None	None	None	None	None	None
1	0	None	None	None	None	None	0	None	None	None	None	None	None
1	0	None	None	None	None	None	0	None	None	None	None	None	None
1	0	None	None	None	None	None	3	6	2	27.0	34.0	34.0	37.0
1	2	0	None	None	39.0	39.0	2	6	1	37.5	37.5	37.25	37.0
1	0	None	None	None	None	None	0	None	None	None	None	None	None
1	0	None	None	None	None	None	1	5	3	35.666666666666664	35.0	34.5	34.5
1	0	None	None	None	None	None	0	None	None	None	None	None	None
1	0	None	None	None	None	None	0	None	None	None	None	None	None
1	0	None	None	None	None	None	3	440	24	11.833333333333334	6.0	21.427884615384617	20.0
1	0	None	None	None	None	None	0	None	None	None	None	None	None
1	0	None	None	None	None	None	0	None	None	None	None	None	None
1	0	None	None	None	None	None	0	None	None	None	None	None	None
1	0	None	None	None	None	None	0	None	None	None	None	None	None
1	0	None	None	None	None	None	0	None	None	None	None	None	None
1	0	None	None	None	None	None	1	4	1	37.0	37.0	23.666666666666668	20.0
1	0	None	None	None	None	None	3	4	0	None	None	36.75	36.5
1	186	22	25.40909090909091	20.0	27.951219512195124	38.0	2	188	12	29.666666666666668	34.0	28.073863636363637	39.0
1	181	21	27.142857142857142	20.0	27.725	36.0	2	186	11	33.18181818181818	36.0	27.857142857142858	38.0
1	0	None	None	None	None	None	3	11	4	37.0	37.0	35.166666666666664	35.5
1	237	46	27.347826086956523	20.0	28.403141361256544	37.0	0	None	None	None	None	None	None
1	7	1	20.0	20.0	36.6	37.0	3	6	0	None	None	27.0	32.5
1	0	None	None	None	None	None	0	None	None	None	None	None	None
1	0	None	None	None	None	None	1	2	0	None	None	35.5	35.5
1	0	None	None	None	None	None	2	6	1	23.0	23.0	23.4	20.0
1	0	None	None	None	None	None	3	5	2	37.0	37.0	39.0	39.0
1	0	None	None	None	None	None	2	5	1	37.0	37.0	29.25	38.5
1	0	None	None	None	None	None	0	None	None	None	None	None	None
1	0	None	None	None	None	None	3	2	0	None	None	37.5	37.5
1	0	None	None	None	None	None	0	None	None	None	None	None	None
1	0	None	None	None	None	None	0	None	None	None	None	None	None
1	3	0	None	None	25.333333333333332	20.0	0	None	None	None	None	None	None
1	0	None	None	None	None	None	3	7	0	None	None	31.428571428571427	37.0
1	0	None	None	None	None	None	0	None	None	None	None	None	None
1	176	74	23.08	20.0	29.08910891089109	36.0	0	None	None	None	None	None	None
1	0	None	None	None	None	None	3	6	3	37.0	37.0	38.333333333333336	39.0
1	1759	453	21.684326710816777	20.0	24.662327718223583	20.0	0	None	None	None	None	None	None
1	0	None	None	None	None	None	0	None	None	None	None	None	None
1	0	None	None	None	None	None	2	12	4	22.2	20.0	24.428571428571427	20.0
1	0	None	None	None	None	None	3	25	13	26.615384615384617	20.0	23.083333333333332	20.0
1	0	None	None	None	None	None	0	None	None	None	None	None	None
1	0	None	None	None	None	None	3	8	5	29.0	32.0	25.333333333333332	36.0
1	0	None	None	None	None	None	3	30	13	26.076923076923077	20.0	23.88235294117647	20.0
1	0	None	None	None	None	None	1	10	4	30.4	37.0	37.0	37.0
1	0	None	None	None	None	None	0	None	None	None	None	None	None
1	0	None	None	None	None	None	0	None	None	None	None	None	None
1	0	None	None	None	None	None	0	None	None	None	None	None	None
1	0	None	None	None	None	None	0	None	None	None	None	None	None
1	0	None	None	None	None	None	0	None	None	None	None	None	None
1	0	None	None	None	None	None	0	None	None	None	None	None	None
1	0	None	None	None	None	None	0	None	None	None	None	None	None
1	0	None	None	None	None	None	3	12	7	34.25	38.5	31.75	33.5
1	0	None	None	None	None	None	3	7	0	None	None	30.714285714285715	32.0
1	2	0	None	None	20.0	20.0	0	None	None	None	None	None	None
1	2	0	None	None	20.0	20.0	0	None	None	None	None	None	None
1	0	None	None	None	None	None	0	None	None	None	None	None	None
1	0	None	None	None	None	None	2	131	112	26.398230088495577	20.0	30.444444444444443	35.0
1	0	None	None	None	None	None	3	2	0	None	None	20.0	20.0
1	0	None	None	None	None	None	0	None	None	None	None	None	None
1	0	None	None	None	None	None	0	None	None	None	None	None	None
1	0	None	None	None	None	None	0	None	None	None	None	None	None
1	4	0	None	None	36.25	38.5	0	None	None	None	None	None	None
1	0	None	None	None	None	None	0	None	None	None	None	None	None
1	0	None	None	None	None	None	0	None	None	None	None	None	None
1	0	None	None	None	None	None	0	None	None	None	None	None	None
1	0	None	None	None	None	None	0	None	None	None	None	None	None
1	0	None	None	None	None	None	1	4	0	None	None	33.75	35.0
1	0	None	None	None	None	None	1	6	0	None	None	28.333333333333332	31.5
1	218	69	22.985714285714284	20.0	23.7027027027027	20.0	0	None	None	None	None	None	None
1	89	10	37.0	36.0	28.79746835443038	37.0	2	153	10	35.5	36.0	27.377622377622377	37.0
1	24	12	28.583333333333332	33.0	31.083333333333332	36.0	0	None	None	None	None	None	None
1	0	None	None	None	None	None	0	None	None	None	None	None	None
1	0	None	None	None	None	None	0	None	None	None	None	None	None
1	0	None	None	None	None	None	0	None	None	None	None	None	None
1	0	None	None	None	None	None	0	None	None	None	None	None	None
1	0	None	None	None	None	None	0	None	None	None	None	None	None
1	0	None	None	None	None	None	0	None	None	None	None	None	None
1	0	None	None	None	None	None	0	None	None	None	None	None	None
1	0	None	None	None	None	None	0	None	None	None	None	None	None
1	0	None	None	None	None	None	0	None	None	None	None	None	None
1	0	None	None	None	None	None	0	None	None	None	None	None	None
1	0	None	None	None	None	None	0	None	None	None	None	None	None
1	0	None	None	None	None	None	0	None	None	None	None	None	None
1	0	None	None	None	None	None	1	85	71	26.15277777777778	20.0	34.76923076923077	39.0
1	0	None	None	None	None	None	3	11	5	27.4	32.0	30.166666666666668	34.5
1	0	None	None	None	None	None	2	3	0	None	None	25.333333333333332	36.0
1	0	None	None	None	None	None	0	None	None	None	None	None	None
1	0	None	None	None	None	None	0	None	None	None	None	None	None
1	0	None	None	None	None	None	0	None	None	None	None	None	None
1	0	None	None	None	None	None	0	None	None	None	None	None	None
1	0	None	None	None	None	None	0	None	None	None	None	None	None
1	0	None	None	None	None	None	0	None	None	None	None	None	None
1	0	None	None	None	None	None	0	None	None	None	None	None	None
1	0	None	None	None	None	None	2	15	9	21.0	20.0	28.0	34.5
1	0	None	None	None	None	None	0	None	None	None	None	None	None
1	0	None	None	None	None	None	0	None	None	None	None	None	None
1	505	163	19.950920245398773	20.0	25.128654970760234	38.0	0	None	None	None	None	None	None
1	0	None	None	None	None	None	0	None	None	None	None	None	None
1	0	None	None	None	None	None	2	81	71	27.01388888888889	29.5	32.333333333333336	32.0
1	0	None	None	None	None	None	1	84	74	26.413333333333334	30.0	35.77777777777778	38.0
1	0	None	None	None	None	None	2	86	76	28.38961038961039	37.0	33.22222222222222	36.0
1	0	None	None	None	None	None	2	8	0	None	None	34.625	35.0
1	0	None	None	None	None	None	2	11	8	20.333333333333332	20.0	38.5	38.5
1	0	None	None	None	None	None	0	None	None	None	None	None	None
1	0	None	None	None	None	None	3	5	2	26.666666666666668	20.0	29.5	29.5
1	0	None	None	None	None	None	1	9	4	24.0	28.0	23.0	20.0
1	0	None	None	None	None	None	0	None	None	None	None	None	None
1	0	None	None	None	None	None	0	None	None	None	None	None	None
1	0	None	None	None	None	None	0	None	None	None	None	None	None
1	0	None	None	None	None	None	1	14	6	30.833333333333332	36.0	34.25	35.0
1	0	None	None	None	None	None	1	43	32	28.96969696969697	39.0	35.4	36.0
1	0	None	None	None	None	None	0	None	None	None	None	None	None
1	0	None	None	None	None	None	0	None	None	None	None	None	None
1	0	None	None	None	None	None	0	None	None	None	None	None	None
1	0	None	None	None	None	None	0	None	None	None	None	None	None
1	0	None	None	None	None	None	0	None	None	None	None	None	None
1	40	36	27.675675675675677	35.0	35.666666666666664	37.0	3	59	46	23.893617021276597	20.0	25.333333333333332	26.0
1	8	5	31.5	33.0	30.0	30.0	3	17	13	28.642857142857142	32.0	35.666666666666664	36.0
1	0	None	None	None	None	None	2	11	6	26.285714285714285	35.0	33.0	32.0
1	0	None	None	None	None	None	2	3	0	None	None	32.333333333333336	35.0
1	0	None	None	None	None	None	0	None	None	None	None	None	None
1	175	63	25.793650793650794	20.0	29.133928571428573	35.0	0	None	None	None	None	None	None
1	104	23	30.08695652173913	38.0	35.74074074074074	39.0	0	None	None	None	None	None	None
1	0	None	None	None	None	None	1	2	0	None	None	40.0	40.0
1	0	None	None	None	None	None	0	None	None	None	None	None	None
1	0	None	None	None	None	None	3	21	14	24.142857142857142	20.0	26.571428571428573	35.0
1	0	None	None	None	None	None	0	None	None	None	None	None	None
1	0	None	None	None	None	None	0	None	None	None	None	None	None
1	0	None	None	None	None	None	3	10	4	33.0	36.5	30.0	31.5
1	0	None	None	None	None	None	3	9	2	29.0	29.0	26.428571428571427	32.0
1	0	None	None	None	None	None	3	16	5	29.8	35.0	25.636363636363637	32.0
1	0	None	None	None	None	None	3	3	0	None	None	31.666666666666668	37.0
1	0	None	None	None	None	None	0	None	None	None	None	None	None
1	0	None	None	None	None	None	0	None	None	None	None	None	None
1	0	None	None	None	None	None	1	3	0	None	None	25.666666666666668	20.0
1	0	None	None	None	None	None	0	None	None	None	None	None	None
1	0	None	None	None	None	None	2	13	3	25.666666666666668	20.0	30.2	37.0
1	0	None	None	None	None	None	1	10	3	25.666666666666668	20.0	32.857142857142854	38.0
1	0	None	None	None	None	None	1	10	2	20.0	20.0	25.125	28.0
1	0	None	None	None	None	None	0	None	None	None	None	None	None
1	0	None	None	None	None	None	3	5	2	25.666666666666668	20.0	38.5	38.5
1	0	None	None	None	None	None	3	16	8	24.0	20.0	24.625	20.0
1	93	13	37.642857142857146	38.0	32.734177215189874	38.0	0	None	None	None	None	None	None
1	0	None	None	None	None	None	0	None	None	None	None	None	None
1	0	None	None	None	None	None	0	None	None	None	None	None	None
1	0	None	None	None	None	None	0	None	None	None	None	None	None
1	0	None	None	None	None	None	0	None	None	None	None	None	None
1	0	None	None	None	None	None	0	None	None	None	None	None	None
1	0	None	None	None	None	None	0	None	None	None	None	None	None
1	0	None	None	None	None	None	0	None	None	None	None	None	None
1	0	None	None	None	None	None	0	None	None	None	None	None	None
1	0	None	None	None	None	None	2	9	5	32.2	34.0	24.25	28.5
1	0	None	None	None	None	None	0	None	None	None	None	None	None
1	0	None	None	None	None	None	0	None	None	None	None	None	None
1	0	None	None	None	None	None	0	None	None	None	None	None	None
1	0	None	None	None	None	None	0	None	None	None	None	None	None
1	0	None	None	None	None	None	0	None	None	None	None	None	None
1	0	None	None	None	None	None	0	None	None	None	None	None	None
1	0	None	None	None	None	None	0	None	None	None	None	None	None
1	0	None	None	None	None	None	0	None	None	None	None	None	None
1	0	None	None	None	None	None	0	None	None	None	None	None	None
1	0	None	None	None	None	None	3	10	4	17.25	20.0	20.0	20.0
1	0	None	None	None	None	None	2	3	1	38.0	38.0	20.0	20.0
1	180	165	24.301204819277107	35.0	32.07142857142857	38.0	3	175	150	25.576158940397352	34.0	35.75	38.0
1	0	None	None	None	None	None	0	None	None	None	None	None	None
1	0	None	None	None	None	None	0	None	None	None	None	None	None
1	0	None	None	None	None	None	0	None	None	None	None	None	None
1	0	None	None	None	None	None	0	None	None	None	None	None	None
1	0	None	None	None	None	None	1	278	246	24.927125506072876	32.0	33.935483870967744	34.0
1	0	None	None	None	None	None	0	None	None	None	None	None	None
1	0	None	None	None	None	None	3	19	13	19.692307692307693	20.0	26.0	29.0
1	0	None	None	None	None	None	3	24	16	21.9375	27.5	28.5	37.0
1	0	None	None	None	None	None	2	9	5	31.333333333333332	37.0	26.0	39.0
1	0	None	None	None	None	None	2	11	8	21.88888888888889	20.0	34.5	34.5
1	0	None	None	None	None	None	3	3	0	None	None	33.666666666666664	34.0
1	2	0	None	None	20.0	20.0	1	11	3	25.333333333333332	20.0	20.0	20.0
1	0	None	None	None	None	None	0	None	None	None	None	None	None
1	6	0	None	None	25.833333333333332	28.0	3	6	3	33.5	33.5	38.5	38.5
1	0	None	None	None	None	None	3	8	0	None	None	22.75	31.0
1	0	None	None	None	None	None	0	None	None	None	None	None	None
1	0	None	None	None	None	None	0	None	None	None	None	None	None
1	0	None	None	None	None	None	0	None	None	None	None	None	None
1	3	0	None	None	36.0	36.0	3	8	2	25.666666666666668	20.0	28.0	29.0
1	0	None	None	None	None	None	1	2	0	None	None	32.0	32.0
1	2	0	None	None	20.0	20.0	1	6	4	27.75	27.5	37.0	37.0
1	272	120	20.783333333333335	20.0	29.17763157894737	33.0	0	None	None	None	None	None	None
1	0	None	None	None	None	None	2	15	6	20.0	20.0	22.11111111111111	20.0
1	0	None	None	None	None	None	2	3	0	None	None	25.666666666666668	20.0
1	0	None	None	None	None	None	0	None	None	None	None	None	None
1	0	None	None	None	None	None	3	5	1	38.0	38.0	23.75	23.0
1	0	None	None	None	None	None	3	11	2	16.333333333333332	11.0	20.0	20.0
1	0	None	None	None	None	None	0	None	None	None	None	None	None
1	0	None	None	None	None	None	0	None	None	None	None	None	None
1	0	None	None	None	None	None	1	6	2	22.0	20.0	19.333333333333332	20.0
1	0	None	None	None	None	None	2	10	7	24.25	20.0	32.5	32.5
1	0	None	None	None	None	None	2	7	3	31.666666666666668	32.0	20.0	20.0
1	0	None	None	None	None	None	2	1	0	None	None	29.0	29.0
1	0	None	None	None	None	None	2	6	3	25.333333333333332	20.0	25.666666666666668	20.0
1	0	None	None	None	None	None	1	137	122	24.942622950819672	20.0	39.733333333333334	40.0
1	0	None	None	None	None	None	3	125	108	26.98148148148148	20.0	35.11764705882353	37.0
1	123	58	23.71186440677966	20.0	30.1875	39.0	0	None	None	None	None	None	None
1	9	6	27.571428571428573	37.0	20.0	20.0	3	18	10	26.6	36.5	32.375	37.0
1	77	0	None	None	24.675324675324674	20.0	0	None	None	None	None	None	None
1	73	17	22.352941176470587	29.0	23.982142857142858	20.0	0	None	None	None	None	None	None
1	77	10	20.0	20.0	24.238805970149254	32.0	0	None	None	None	None	None	None
1	252	236	24.632911392405063	20.0	25.8	32.0	1	286	260	24.880769230769232	37.0	26.076923076923077	32.0
1	249	232	23.660944206008583	20.0	24.6875	32.0	1	289	264	23.30188679245283	35.0	27.333333333333332	32.0
1	257	238	23.96234309623431	20.0	26.166666666666668	37.5	1	300	273	23.95985401459854	37.0	30.846153846153847	38.0
1	78	36	20.97222222222222	20.0	30.11904761904762	37.0	0	None	None	None	None	None	None
1	78	2	20.0	20.0	26.17105263157895	20.0	0	None	None	None	None	None	None
1	65	36	24.594594594594593	36.0	26.642857142857142	35.0	0	None	None	None	None	None	None
1	49	48	27.387755102040817	39.0	None	None	0	None	None	None	None	None	None
1	52	51	24.634615384615383	35.0	None	None	0	None	None	None	None	None	None
1	60	37	22.2972972972973	38.0	25.565217391304348	36.0	0	None	None	None	None	None	None
1	70	38	21.736842105263158	20.0	23.9375	20.0	0	None	None	None	None	None	None
1	72	33	22.272727272727273	20.0	23.923076923076923	20.0	0	None	None	None	None	None	None
1	72	30	24.433333333333334	20.0	25.11904761904762	20.0	0	None	None	None	None	None	None
1	36	32	22.21212121212121	20.0	34.666666666666664	33.0	2	22	18	29.526315789473685	31.0	33.333333333333336	32.0
1	32	29	21.9	26.5	39.0	39.0	2	20	14	29.0	32.0	35.2	36.0
1	26	23	22.75	37.5	36.0	36.0	2	14	9	32.0	37.0	25.75	31.5
1	24	21	24.09090909090909	37.5	29.5	29.5	2	13	6	34.285714285714285	37.0	30.166666666666668	35.5
1	21	18	25.57894736842105	38.0	32.0	32.0	2	13	6	34.42857142857143	37.0	29.166666666666668	35.5
1	26	25	26.73076923076923	38.0	None	None	0	None	None	None	None	None	None
1	29	28	26.413793103448278	38.0	None	None	0	None	None	None	None	None	None
1	30	29	26.166666666666668	36.0	None	None	0	None	None	None	None	None	None
1	30	24	26.88	39.0	29.0	35.0	0	None	None	None	None	None	None
1	30	24	25.56	36.0	29.0	35.0	0	None	None	None	None	None	None
1	36	0	None	None	27.38888888888889	35.0	0	None	None	None	None	None	None
1	36	0	None	None	27.555555555555557	35.0	0	None	None	None	None	None	None
1	36	35	32.05555555555556	40.0	None	None	0	None	None	None	None	None	None
1	80	78	26.835443037974684	36.0	40.0	40.0	0	None	None	None	None	None	None
1	79	78	27.329113924050635	38.0	None	None	0	None	None	None	None	None	None
1	79	40	25.390243902439025	38.0	27.157894736842106	38.0	0	None	None	None	None	None	None
1	0	None	None	None	None	None	0	None	None	None	None	None	None
1	0	None	None	None	None	None	0	None	None	None	None	None	None
1	0	None	None	None	None	None	0	None	None	None	None	None	None
1	0	None	None	None	None	None	0	None	None	None	None	None	None
1	0	None	None	None	None	None	2	4	0	None	None	36.75	39.0
1	0	None	None	None	None	None	0	None	None	None	None	None	None
1	18	2	39.666666666666664	40.0	39.333333333333336	39.0	0	None	None	None	None	None	None
1	18	2	36.666666666666664	37.0	36.13333333333333	37.0	0	None	None	None	None	None	None
1	0	None	None	None	None	None	0	None	None	None	None	None	None
1	0	None	None	None	None	None	0	None	None	None	None	None	None
1	0	None	None	None	None	None	0	None	None	None	None	None	None
1	0	None	None	None	None	None	0	None	None	None	None	None	None
1	0	None	None	None	None	None	0	None	None	None	None	None	None
1	158	78	26.924050632911392	33.0	31.341772151898734	36.0	0	None	None	None	None	None	None
1	0	None	None	None	None	None	0	None	None	None	None	None	None
1	17	2	20.0	20.0	25.866666666666667	36.0	3	14	1	37.0	37.0	29.076923076923077	35.0
1	0	None	None	None	None	None	0	None	None	None	None	None	None
1	0	None	None	None	None	None	0	None	None	None	None	None	None
1	0	None	None	None	None	None	0	None	None	None	None	None	None
1	0	None	None	None	None	None	3	3	0	None	None	36.666666666666664	37.0
1	0	None	None	None	None	None	3	3	0	None	None	39.333333333333336	39.0
1	0	None	None	None	None	None	0	None	None	None	None	None	None
1	0	None	None	None	None	None	2	10	2	20.0	20.0	20.0	20.0
1	108	99	26.36	37.0	27.625	35.0	3	107	96	25.8659793814433	33.0	34.9	35.0
1	247	236	26.411016949152543	20.0	35.54545454545455	35.0	3	113	102	28.631067961165048	36.0	34.9	35.0
1	256	244	24.89387755102041	20.0	36.09090909090909	36.0	3	116	105	25.9811320754717	20.0	35.6	36.0
1	260	246	26.5668016194332	20.0	35.69230769230769	36.0	3	114	102	28.796116504854368	32.0	36.09090909090909	37.0
1	266	254	26.184313725490195	20.0	39.18181818181818	39.0	2	116	104	28.933333333333334	34.0	34.81818181818182	38.0
1	266	254	25.749019607843138	20.0	37.36363636363637	38.0	2	118	106	27.8411214953271	28.0	34.0	37.0
1	279	265	24.917293233082706	20.0	35.76923076923077	36.0	2	124	110	26.83783783783784	26.0	30.0	33.0
1	286	272	25.802197802197803	27.0	39.30769230769231	39.0	1	125	112	27.309734513274336	20.0	35.583333333333336	39.0
1	288	273	25.675182481751825	20.0	35.0	34.0	1	125	111	28.482142857142858	36.5	31.384615384615383	34.0
1	0	None	None	None	None	None	3	3	1	20.0	20.0	20.0	20.0
1	0	None	None	None	None	None	0	None	None	None	None	None	None
1	0	None	None	None	None	None	1	10	4	23.6	20.0	21.6	20.0
1	0	None	None	None	None	None	1	4	2	20.0	20.0	20.0	20.0
1	0	None	None	None	None	None	1	4	2	20.0	20.0	20.0	20.0
1	0	None	None	None	None	None	0	None	None	None	None	None	None
1	2	0	None	None	20.0	20.0	0	None	None	None	None	None	None
1	0	None	None	None	None	None	2	4	1	38.5	38.5	37.0	37.0
1	5	4	26.8	34.0	None	None	2	3	1	35.0	35.0	34.5	34.5
1	0	None	None	None	None	None	1	7	1	20.0	20.0	16.0	20.0
1	0	None	None	None	None	None	0	None	None	None	None	None	None
1	0	None	None	None	None	None	0	None	None	None	None	None	None
1	448	103	20.884615384615383	20.0	22.75872093023256	20.0	0	None	None	None	None	None	None
1	0	None	None	None	None	None	0	None	None	None	None	None	None
1	0	None	None	None	None	None	0	None	None	None	None	None	None
1	0	None	None	None	None	None	3	12	7	29.142857142857142	33.0	22.4	20.0
1	0	None	None	None	None	None	0	None	None	None	None	None	None
1	0	None	None	None	None	None	2	8	2	26.333333333333332	39.0	23.0	20.0
1	0	None	None	None	None	None	3	8	4	27.75	35.5	35.25	35.0
1	0	None	None	None	None	None	3	6	2	31.0	31.0	28.75	37.5
1	0	None	None	None	None	None	0	None	None	None	None	None	None
1	0	None	None	None	None	None	0	None	None	None	None	None	None
1	0	None	None	None	None	None	0	None	None	None	None	None	None
1	0	None	None	None	None	None	0	None	None	None	None	None	None
1	0	None	None	None	None	None	0	None	None	None	None	None	None
1	0	None	None	None	None	None	0	None	None	None	None	None	None
1	0	None	None	None	None	None	0	None	None	None	None	None	None
1	0	None	None	None	None	None	0	None	None	None	None	None	None
1	0	None	None	None	None	None	0	None	None	None	None	None	None
1	0	None	None	None	None	None	0	None	None	None	None	None	None
1	0	None	None	None	None	None	0	None	None	None	None	None	None
1	0	None	None	None	None	None	3	6	2	37.5	37.5	36.5	36.0
1	0	None	None	None	None	None	1	2	0	None	None	37.0	37.0
1	0	None	None	None	None	None	0	None	None	None	None	None	None
1	0	None	None	None	None	None	0	None	None	None	None	None	None
1	0	None	None	None	None	None	1	7	0	None	None	28.571428571428573	31.0
1	0	None	None	None	None	None	0	None	None	None	None	None	None
1	0	None	None	None	None	None	0	None	None	None	None	None	None
1	0	None	None	None	None	None	0	None	None	None	None	None	None
1	0	None	None	None	None	None	0	None	None	None	None	None	None
1	0	None	None	None	None	None	0	None	None	None	None	None	None
1	0	None	None	None	None	None	0	None	None	None	None	None	None
1	0	None	None	None	None	None	0	None	None	None	None	None	None
1	0	None	None	None	None	None	0	None	None	None	None	None	None
1	0	None	None	None	None	None	0	None	None	None	None	None	None
1	0	None	None	None	None	None	0	None	None	None	None	None	None
1	0	None	None	None	None	None	0	None	None	None	None	None	None
1	0	None	None	None	None	None	0	None	None	None	None	None	None
1	0	None	None	None	None	None	0	None	None	None	None	None	None
1	446	270	25.867158671586715	36.0	27.411428571428573	38.0	0	None	None	None	None	None	None
1	0	None	None	None	None	None	0	None	None	None	None	None	None
1	0	None	None	None	None	None	2	6	3	25.0	35.0	25.666666666666668	20.0
1	2	1	38.5	38.5	None	None	3	15	6	32.0	38.0	31.444444444444443	36.0
1	0	None	None	None	None	None	0	None	None	None	None	None	None
1	0	None	None	None	None	None	0	None	None	None	None	None	None
1	0	None	None	None	None	None	0	None	None	None	None	None	None
1	0	None	None	None	None	None	0	None	None	None	None	None	None
1	0	None	None	None	None	None	0	None	None	None	None	None	None
1	0	None	None	None	None	None	0	None	None	None	None	None	None
1	0	None	None	None	None	None	2	3	1	38.0	38.0	20.0	20.0
1	0	None	None	None	None	None	3	6	2	38.333333333333336	39.0	26.0	20.0
1	13	0	20.0	20.0	20.0	20.0	3	25	7	24.125	28.0	21.529411764705884	20.0
1	0	None	None	None	None	None	2	6	3	20.0	20.0	39.5	39.5
1	0	None	None	None	None	None	3	6	1	38.0	38.0	35.0	36.0
1	0	None	None	None	None	None	0	None	None	None	None	None	None
1	0	None	None	None	None	None	0	None	None	None	None	None	None
1	87	86	25.114942528735632	26.0	None	None	0	None	None	None	None	None	None
1	104	98	25.565656565656564	35.0	29.2	36.0	0	None	None	None	None	None	None
1	0	None	None	None	None	None	0	None	None	None	None	None	None
1	0	None	None	None	None	None	0	None	None	None	None	None	None
1	0	None	None	None	None	None	0	None	None	None	None	None	None
1	0	None	None	None	None	None	3	4	1	37.0	37.0	25.666666666666668	20.0
1	0	None	None	None	None	None	1	4	2	38.0	38.0	32.0	32.0
